{
  "test/models/contact_test.rb": 0.007924318313598633,
  "test/controllers/pages_controller_test.rb": 1.147813320159912,
  "test/services/addition_service_test.rb": 0.0012440681457519531,
  "test/controllers/api/v1/sessions_controller_test.rb": 0.18634915351867676,
  "test/models/user_test.rb": 0.005593061447143555,
  "test/controllers/home_controller_test.rb": 0.038255929946899414,
  "test/controllers/registrations_controller_test.rb": 0.5758681297302246,
  "test/controllers/active_admin/dashboard_controller_test.rb": 0.05700516700744629,
  "test/controllers/contacts_controller_test.rb": 0.31525111198425293,
  "test/integration/api_invalid_json_data_test.rb": 0.010421037673950195,
  "test/controllers/superadmin/users_controller_test.rb": 0.08368253707885742,
  "test/controllers/api/v1/users_controller_test.rb": 0.08853936195373535
}